,class,nStudents,meanScore
6,K61,4,6.049999999999999
2,K62,6,6.05
1,K63,5,5.0200000000000005
4,K64,15,4.266666666666667
5,K65,10,3.47
3,K66,9,3.8444444444444446
0,K67,11,4.40909090909091
